,Unnamed: 0,hostel_name,hostel_link,city,price,distance,summary_score,rating_band,value_for_money,security,location,staff,atmosphere,cleanliness,facilities,Free,General,Services,Food & Drink,Entertainment,latitude,longitude
0,0,Nui. Hostel & Bar Lounge,https://www.hostelworld.com/hosteldetails.php/Nui-Hostel-and-Bar-Lounge/Tokyo/67481,Tokyo,20.51,9.3,9.8,Superb,10.0,9.6,9.6,10.0,10.0,10.0,9.6,"['Free City Maps', 'Free Internet Access', 'Free WiFi', 'Linen Included']","['Adaptors', 'Air Conditioning', 'Bicycle Parking', 'Breakfast Not Included', 'Common Room', 'Dryer', 'Elevator', 'Flexible NRR', 'Follows Covid-19 sanitation guidance', 'Fridge/Freezer', 'Hair Dryers', 'Hot Showers', 'Iron / Ironing Board', 'Meeting Rooms', 'Microwave', 'Reading Light', 'Security Lockers', 'Self-Catering Facilities', 'Washing Machine']","['Bicycle Hire', 'Housekeeping', 'Internet Access', 'Laundry Facilities', 'Luggage Storage', 'Reception (limited hours)', 'Towels for hire']","['Bar', 'Cafe', 'Meals Available', 'Restaurant', 'Tea & Coffee Making Facilities']","['Board Games', 'Wi-Fi']",35.70388,139.79337
1,1,Grids Tokyo Ueno Hotel & Hostel,https://www.hostelworld.com/hosteldetails.php/Grids-Tokyo-Ueno-Hotel-and-Hostel/Tokyo/299842,Tokyo,24.61,8.4,9.6,Superb,10.0,10.0,9.0,9.0,9.0,10.0,10.0,,"['Air Conditioning', 'Elevator', 'Follows Covid-19 sanitation guidance', 'Fridge/Freezer', 'Hair Dryers', 'Hot Showers', 'Microwave', 'Reading Light', 'Self-Catering Facilities', 'Towels Not Included', 'Washing Machine']","['Internet Access', 'Laundry Facilities', 'Towels for hire']",,['Wi-Fi'],35.71529,139.77929
2,2,UNPLAN Shinjuku (COVID-19 Vaccinated Guests Only),https://www.hostelworld.com/hosteldetails.php/UNPLAN-Shinjuku-COVID-19-Vaccinated-Guests-Only/Tokyo/294428,Tokyo,14.77,1.8,9.1,Superb,10.0,10.0,10.0,8.0,8.0,9.2,8.4,"['Free Breakfast', 'Free City Maps', 'Free Internet Access', 'Free WiFi', 'Linen Included']","['Adaptors', 'Air Conditioning', 'Bicycle Parking', 'Book Exchange', 'Cable TV', 'Ceiling Fan', 'Common Room', 'Cooker', 'Dishwasher', 'Dryer', 'Elevator', 'Follows Covid-19 sanitation guidance', 'Fridge/Freezer', 'Hair Dryers', 'Hot Showers', 'Iron / Ironing Board', 'Meeting Rooms', 'Microwave', 'Outdoor Terrace', 'Reading Light', 'Safe Deposit Box', 'Security Lockers', 'Utensils', 'Washing Machine']","['24 Hour Security', 'Bicycle Hire', 'Internet Access', 'Laundry Facilities', 'Luggage Storage', 'Reception (limited hours)', 'Towels for hire']","['Bar', 'Cafe', 'Meals Available', 'Restaurant', 'Tea & Coffee Making Facilities']","['Board Games', 'PlayStation', 'Wi-Fi', 'Wii']",35.6931,139.71089
3,3,Toco Tokyo Heritage Hostel,https://www.hostelworld.com/hosteldetails.php/Toco-Tokyo-Heritage-Hostel/Tokyo/46418,Tokyo,24.61,9.1,9.8,Superb,10.0,9.0,9.5,10.0,10.0,10.0,10.0,"['Free City Maps', 'Free Internet Access', 'Free WiFi', 'Linen Included']","['Adaptors', 'Air Conditioning', 'Bicycle Parking', 'Common Room', 'Flexible NRR', 'Follows Covid-19 sanitation guidance', 'Hair Dryers', 'Hair Dryers For Hire', 'Hot Showers', 'Meeting Rooms', 'Reading Light', 'Security Lockers', 'Self-Catering Facilities', 'Washing Machine']","['Bicycle Hire', 'Housekeeping', 'Internet Access', 'Laundry Facilities', 'Luggage Storage', 'Towels for hire']","['Bar', 'Cafe', 'Tea & Coffee Making Facilities']",,35.72204,139.78392
4,4,UNPLAN Kagurazaka,https://www.hostelworld.com/hosteldetails.php/UNPLAN-Kagurazaka/Tokyo/265421,Tokyo,26.25,4.0,10.0,Superb,10.0,10.0,10.0,10.0,10.0,10.0,10.0,"['Free City Maps', 'Free Internet Access', 'Free WiFi', 'Linen Included']","['Adaptors', 'Air Conditioning', 'Bicycle Parking', 'Book Exchange', 'Cable TV', 'Card Phones', 'Common Room', 'Cooker', 'Dryer', 'Elevator', 'Follows Covid-19 sanitation guidance', 'Fridge/Freezer', 'Hair Dryers', 'Hot Showers', 'Hot Tub', 'Iron / Ironing Board', 'Microwave', 'Outdoor Terrace', 'Parking', 'Reading Light', 'Safe Deposit Box', 'Self-Catering Facilities', 'Utensils', 'Washing Machine']","['24 Hour Security', 'Bicycle Hire', 'Internet Access', 'Late check-out', 'Laundry Facilities', 'Luggage Storage', 'Reception (limited hours)', 'Tours/Travel Desk', 'Towels for hire']","['Bar', 'Cafe', 'Meals Available', 'Restaurant', 'Tea & Coffee Making Facilities']","['Board Games', 'Wi-Fi']",35.70504,139.73143
5,5,Sakura Hostel Asakusa,https://www.hostelworld.com/hosteldetails.php/Sakura-Hostel-Asakusa/Tokyo/15725,Tokyo,19.69,9.8,7.7,Very good,8.0,8.0,10.0,10.0,10.0,4.0,4.0,"['Free Breakfast', 'Free City Maps', 'Free Internet Access', 'Free WiFi', 'Linen Included']","['Adaptors', 'Air Conditioning', 'Bicycle Parking', 'Book Exchange', 'Cable TV', 'Card Phones', 'Ceiling Fan', 'Common Room', 'Dryer', 'Elevator', 'Flexible NRR', 'Fridge/Freezer', 'Hair Dryers', 'Hair Dryers For Hire', 'Hot Showers', 'Iron / Ironing Board', 'Key Card Access', 'Microwave', 'Outdoor Terrace', 'Parking', 'Reading Light', 'Security Lockers', 'Self-Catering Facilities', 'Utensils', 'Washing Machine']","['24 Hour Reception', '24 Hour Security', 'Fax Service', 'Housekeeping', 'Internet Access', 'Late check-out', 'Laundry Facilities', 'Luggage Storage', 'Postal Service', 'Reception (limited hours)', 'Tours/Travel Desk', 'Towels for hire']","['Bar', 'Cafe', 'Meals Available', 'Tea & Coffee Making Facilities', 'Vending Machines']","[""DVD's"", 'PlayStation', 'Wi-Fi']",35.7147,139.79678
6,6,Khaosan Tokyo Kabuki,https://www.hostelworld.com/hosteldetails.php/Khaosan-Tokyo-Kabuki/Tokyo/47084,Tokyo,24.61,9.7,9.4,Superb,10.0,9.0,10.0,9.0,9.0,10.0,9.0,"['Free City Maps', 'Free Internet Access', 'Free WiFi', 'Linen Included', 'Towels Included']","['Adaptors', 'Air Conditioning', 'Book Exchange', 'Breakfast Not Included', 'Cable TV', 'Common Room', 'Dryer', 'Elevator', 'Flexible NRR', 'Follows Covid-19 sanitation guidance', 'Fridge/Freezer', 'Hair Dryers', 'Hot Showers', 'Iron / Ironing Board', 'Jobs Board', 'Outdoor Terrace', 'Reading Light', 'Security Lockers', 'Self-Catering Facilities', 'Washing Machine']","['24 Hour Security', 'Internet Access', 'Laundry Facilities', 'Luggage Storage', 'Towels for hire']","['Tea & Coffee Making Facilities', 'Vending Machines']","['Board Games', ""DVD's"", 'PlayStation', 'Wi-Fi']",35.71146,139.79524
7,7,plat hostel keikyu haneda home,https://www.hostelworld.com/hosteldetails.php/plat-hostel-keikyu-haneda-home/Tokyo/304903,Tokyo,13.13,16.6,9.3,Superb,9.7,8.9,9.4,9.4,9.1,9.1,9.4,"['Free City Maps', 'Free WiFi', 'Linen Included']","['Air Conditioning', 'Breakfast Not Included', 'Common Room', 'Dryer', 'Elevator', 'Fridge/Freezer', 'Hair Dryers', 'Hot Showers', 'Microwave', 'Outdoor Terrace', 'Reading Light', 'Utensils', 'Washing Machine']","['24 Hour Security', 'Bicycle Hire', 'Laundry Facilities', 'Luggage Storage', 'Reception (limited hours)', 'Towels for hire']",['Tea & Coffee Making Facilities'],"['Board Games', 'Wi-Fi']",35.54788,139.74885
8,8,CITAN Hostel,https://www.hostelworld.com/hosteldetails.php/CITAN-Hostel/Tokyo/274237,Tokyo,20.51,8.1,7.9,Very good,8.0,8.0,9.5,7.5,7.5,7.5,7.0,"['Free City Maps', 'Free Internet Access', 'Free WiFi', 'Linen Included']","['Air Conditioning', 'Breakfast Not Included', 'Common Room', 'Cooker', 'Dryer', 'Elevator', 'Flexible NRR', 'Follows Covid-19 sanitation guidance', 'Fridge/Freezer', 'Hair Dryers', 'Hot Showers', 'Iron / Ironing Board', 'Microwave', 'Outdoor Terrace', 'Reading Light', 'Security Lockers', 'Washing Machine']","['Bicycle Hire', 'Housekeeping', 'Internet Access', 'Laundry Facilities', 'Luggage Storage', 'Reception (limited hours)', 'Towels for hire']","['Bar', 'Cafe', 'Meals Available', 'Restaurant', 'Tea & Coffee Making Facilities']",['Wi-Fi'],35.69181,139.77975
9,9,Imano Tokyo Hostel,https://www.hostelworld.com/hosteldetails.php/Imano-Tokyo-Hostel/Tokyo/100620,Tokyo,27.07,1.5,9.1,Superb,10.0,10.0,10.0,9.0,7.0,9.0,9.0,"['Free City Maps', 'Free Internet Access', 'Free WiFi', 'Linen Included']","['Air Conditioning', 'Breakfast Not Included', 'Common Room', 'Elevator', 'Follows Covid-19 sanitation guidance', 'Hair Dryers', 'Hot Showers', 'Hot Tub', 'Microwave', 'Reading Light', 'Safe Deposit Box', 'Towels Not Included', 'Washing Machine']","['24 Hour Reception', 'Housekeeping', 'Internet Access', 'Laundry Facilities', 'Luggage Storage', 'Towels for hire']","['Bar', 'Cafe', 'Restaurant']",,35.69358,139.70777
10,10,"Wild Cherry Blossom-HOSTEL,TOKYO KOGANEI-",https://www.hostelworld.com/hosteldetails.php/Wild-Cherry-Blossom-HOSTEL-TOKYO-KOGANEI-/Tokyo/305899,Tokyo,36.1,16.6,9.6,Superb,9.6,9.6,8.8,10.0,10.0,10.0,9.6,"['Free WiFi', 'Linen Included', 'Towels Included']","['Air Conditioning', 'Breakfast Not Included', 'Cooker', 'Dryer', 'Elevator', 'Fridge/Freezer', 'Key Card Access', 'Microwave', 'Reading Light', 'Security Lockers', 'Washing Machine']","['24 Hour Security', 'Laundry Facilities', 'Reception (limited hours)']",['Vending Machines'],['Wi-Fi'],35.69808,139.50768
11,11,Khaosan World Asakusa RYOKAN & HOSTEL,https://www.hostelworld.com/hosteldetails.php/Khaosan-World-Asakusa-RYOKAN-and-HOSTEL/Tokyo/79505,Tokyo,20.51,9.5,9.1,Superb,9.0,10.0,10.0,10.0,8.0,9.0,8.0,"['Free City Maps', 'Free Internet Access', 'Free WiFi', 'Linen Included']","['Adaptors', 'Air Conditioning', 'Breakfast Not Included', 'Common Room', 'Dryer', 'Elevator', 'Follows Covid-19 sanitation guidance', 'Hair Dryers', 'Hot Showers', 'Microwave', 'Reading Light', 'Security Lockers', 'Self-Catering Facilities', 'Washing Machine']","['24 Hour Security', 'Laundry Facilities', 'Luggage Storage', 'Towels for hire']",['Vending Machines'],"['Board Games', 'Wi-Fi']",35.71463,139.79178
12,12,Khaosan Tokyo Origami,https://www.hostelworld.com/hosteldetails.php/Khaosan-Tokyo-Origami/Tokyo/88794,Tokyo,20.51,10.0,9.3,Superb,9.3,9.3,9.3,9.3,9.3,9.3,9.3,"['Free City Maps', 'Free Internet Access', 'Free WiFi', 'Linen Included']","['Air Conditioning', 'Breakfast Not Included', 'Cable TV', 'Ceiling Fan', 'Common Room', 'Dryer', 'Elevator', 'Follows Covid-19 sanitation guidance', 'Fridge/Freezer', 'Hair Dryers', 'Hot Showers', 'Iron / Ironing Board', 'Microwave', 'Reading Light', 'Safe Deposit Box', 'Security Lockers', 'Self-Catering Facilities', 'Utensils', 'Washing Machine']","['24 Hour Security', 'Internet Access', 'Laundry Facilities', 'Luggage Storage', 'Reception (limited hours)', 'Towels for hire']",['Tea & Coffee Making Facilities'],"['Board Games', 'Wi-Fi']",35.7147,139.79678
13,13,Focus Kuramae,https://www.hostelworld.com/hosteldetails.php/Focus-Kuramae/Tokyo/294343,Tokyo,15.79,9.0,8.2,Fabulous,8.8,8.0,8.0,8.0,8.0,8.4,8.0,"['Free City Maps', 'Free WiFi']","['Air Conditioning', 'Common Room', 'Dryer', 'Elevator', 'Fridge/Freezer', 'Hair Dryers', 'Hot Showers', 'Microwave', 'Reading Light', 'Towels Not Included', 'Utensils', 'Washing Machine']","['Internet Access', 'Laundry Facilities', 'Reception (limited hours)']","['Bar', 'Cafe']",['Wi-Fi'],35.70476,139.78996
14,14,Imano Tokyo Ginza Hostel,https://www.hostelworld.com/hosteldetails.php/Imano-Tokyo-Ginza-Hostel/Tokyo/279367,Tokyo,25.43,7.6,9.1,Superb,10.0,10.0,8.0,9.0,8.0,10.0,9.0,"['Free City Maps', 'Free Internet Access', 'Free WiFi', 'Linen Included']","['Adaptors', 'Air Conditioning', 'Card Phones', 'Elevator', 'Follows Covid-19 sanitation guidance', 'Hot Showers', 'Meeting Rooms', 'Reading Light', 'Safe Deposit Box', 'Washing Machine']","['24 Hour Reception', '24 Hour Security', 'Bicycle Hire', 'Housekeeping', 'Internet Access', 'Late check-out', 'Laundry Facilities', 'Luggage Storage', 'Reception (limited hours)', 'Towels for hire']","['Bar', 'Cafe']",['Wi-Fi'],35.6723,139.7729
15,15,The Millennials Shibuya,https://www.hostelworld.com/hosteldetails.php/The-Millennials-Shibuya/Tokyo/285601,Tokyo,45.12,3.1,10.0,Superb,10.0,10.0,10.0,10.0,10.0,10.0,10.0,"['Free Breakfast', 'Free Internet Access', 'Free WiFi', 'Linen Included', 'Towels Included']","['Adaptors', 'Air Conditioning', 'Dryer', 'Elevator', 'Fridge/Freezer', 'Hair Dryers', 'Hot Showers', 'Iron / Ironing Board', 'Key Card Access', 'Meeting Rooms', 'Security Lockers']","['24 Hour Security', 'Housekeeping', 'Internet Access', 'Laundry Facilities', 'Luggage Storage', 'Reception (limited hours)']",['Tea & Coffee Making Facilities'],['Wi-Fi'],35.66222,139.69963
16,16,Obi Hostel,https://www.hostelworld.com/hosteldetails.php/Obi-Hostel/Tokyo/274874,Tokyo,16.41,8.2,7.9,Very good,8.0,8.0,8.0,9.0,7.0,8.0,7.0,"['Free WiFi', 'Towels Included']","['Adaptors', 'Air Conditioning', 'Breakfast Not Included', 'Common Room', 'Dryer', 'Elevator', 'Fitness Centre', 'Hair Dryers For Hire', 'Hot Showers', 'Iron / Ironing Board', 'Security Lockers', 'Utensils', 'Washing Machine']","['Bicycle Hire', 'Internet Access', 'Late check-out', 'Laundry Facilities', 'Postal Service', 'Reception (limited hours)', 'Towels for hire']","['Bar', 'Cafe', 'Meals Available', 'Restaurant']",['Wi-Fi'],35.6927,139.78284
17,17,Time Sharing Stay Asakusa,https://www.hostelworld.com/hosteldetails.php/Time-Sharing-Stay-Asakusa/Tokyo/307387,Tokyo,13.13,9.8,10.0,Superb,10.0,10.0,10.0,10.0,10.0,10.0,10.0,"['Free Internet Access', 'Free WiFi']","['Adaptors', 'Air Conditioning', 'Breakfast Not Included', 'Cooker', 'Dryer', 'Hair Dryers', 'Hot Showers', 'Security Lockers']","['Bicycle Hire', 'Internet Access', 'Luggage Storage', 'Reception (limited hours)']",['Tea & Coffee Making Facilities'],['Wi-Fi'],35.71435,139.79189
18,18,Almond hostel & cafe Shibuya,https://www.hostelworld.com/hosteldetails.php/Almond-hostel-and-cafe-Shibuya/Tokyo/278423,Tokyo,1.64,2.2,8.6,Fabulous,8.7,8.7,10.0,8.7,7.3,8.0,8.7,"['Free City Maps', 'Free WiFi', 'Linen Included']","['Air Conditioning', 'Breakfast Not Included', 'Ceiling Fan', 'Common Room', 'Dryer', 'Follows Covid-19 sanitation guidance', 'Hair Dryers', 'Hot Showers', 'Iron / Ironing Board', 'Microwave', 'Towels Not Included', 'Washing Machine']","['24 Hour Security', 'Housekeeping', 'Late check-out', 'Laundry Facilities', 'Luggage Storage', 'Postal Service', 'Reception (limited hours)']","['Bar', 'Cafe']",['Wi-Fi'],35.66997,139.68751
19,19,The Wardrobe Hostel Forest Shimokitazawa,https://www.hostelworld.com/hosteldetails.php/The-Wardrobe-Hostel-Forest-Shimokitazawa/Tokyo/296731,Tokyo,22.97,3.8,9.1,Superb,10.0,10.0,10.0,6.0,10.0,10.0,8.0,"['Free Internet Access', 'Free WiFi']","['Air Conditioning', 'Breakfast Not Included', 'Common Room', 'Hair Dryers', 'Hot Showers']",,,['Wi-Fi'],35.66099,139.66819
20,20,Sakura Hotel Jimbocho,https://www.hostelworld.com/hosteldetails.php/Sakura-Hotel-Jimbocho/Tokyo/4662,Tokyo,17.64,5.9,9.4,Superb,10.0,9.0,10.0,10.0,9.0,9.0,9.0,"['Free Breakfast', 'Free City Maps', 'Free Internet Access', 'Free WiFi', 'Linen Included']","['Adaptors', 'Air Conditioning', 'Bicycle Parking', 'Card Phones', 'Dryer', 'Elevator', 'Flexible NRR', 'Hair Dryers', 'Hot Showers', 'Iron / Ironing Board', 'Key Card Access', 'Outdoor Terrace', 'Towels Not Included']","['24 Hour Reception', '24 Hour Security', 'Fax Service', 'Internet Access', 'Internet café', 'Late check-out', 'Laundry Facilities', 'Luggage Storage', 'Postal Service', 'Reception (limited hours)', 'Tours/Travel Desk', 'Towels for hire', 'Wake-up calls']","['Bar', 'Cafe', 'Meals Available', 'Restaurant', 'Tea & Coffee Making Facilities', 'Vending Machines']",['Wi-Fi'],35.69496,139.75643
21,21,&And Hostel Akihabara,https://www.hostelworld.com/hosteldetails.php/-and-And-Hostel-Akihabara/Tokyo/283418,Tokyo,15.18,7.8,8.5,Fabulous,9.5,9.5,10.0,8.5,7.5,7.0,7.5,"['Free WiFi', 'Linen Included']","['Air Conditioning', 'Breakfast Not Included', 'Common Room', 'Cooker', 'Elevator', 'Fridge/Freezer', 'Hair Dryers', 'Hot Showers', 'Microwave', 'Reading Light', 'Safe Deposit Box', 'Self-Catering Facilities', 'Towels Not Included']","['Housekeeping', 'Reception (limited hours)', 'Towels for hire']",,['Wi-Fi'],35.69732,139.77971
22,22,Khaosan World Ryogoku Hostel,https://www.hostelworld.com/hosteldetails.php/Khaosan-World-Ryogoku-Hostel/Tokyo/275477,Tokyo,18.87,9.5,9.9,Superb,10.0,9.0,10.0,10.0,10.0,10.0,10.0,"['Free City Maps', 'Free Internet Access', 'Free WiFi']","['Air Conditioning', 'Breakfast Not Included', 'Common Room', 'Dryer', 'Elevator', 'Follows Covid-19 sanitation guidance', 'Fridge/Freezer', 'Hair Dryers', 'Hot Showers', 'Microwave', 'Security Lockers', 'Towels Not Included', 'Washing Machine']","['Internet Access', 'Laundry Facilities', 'Luggage Storage', 'Reception (limited hours)', 'Towels for hire']",['Tea & Coffee Making Facilities'],['Wi-Fi'],35.69428,139.79676
23,23,Sakura Hotel Ikebukuro,https://www.hostelworld.com/hosteldetails.php/Sakura-Hotel-Ikebukuro/Tokyo/22747,Tokyo,19.2,5.1,8.3,Fabulous,10.0,8.0,8.0,8.0,8.0,8.0,8.0,"['Free City Maps', 'Free Internet Access', 'Free WiFi', 'Linen Included']","['Air Conditioning', 'Breakfast Not Included', 'Cable TV', 'Common Room', 'Elevator', 'Hair Dryers For Hire', 'Reading Light', 'Self-Catering Facilities', 'Washing Machine']","['24 Hour Reception', '24 Hour Security', 'Fax Service', 'Internet Access', 'Luggage Storage', 'Towels for hire']","['Bar', 'Cafe', 'Meals Available', 'Vending Machines']",,35.73355,139.70885
24,24,Khaosan Tokyo Laboratory,https://www.hostelworld.com/hosteldetails.php/Khaosan-Tokyo-Laboratory/Tokyo/74311,Tokyo,21.33,9.3,7.7,Very good,10.0,8.0,10.0,4.0,6.0,8.0,8.0,"['Free City Maps', 'Free Internet Access', 'Free WiFi', 'Linen Included']","['Adaptors', 'Air Conditioning', 'Book Exchange', 'Breakfast Not Included', 'Common Room', 'Dryer', 'Elevator', 'Follows Covid-19 sanitation guidance', 'Fridge/Freezer', 'Hair Dryers', 'Hair Dryers For Hire', 'Hot Showers', 'Microwave', 'Outdoor Terrace', 'Reading Light', 'Safe Deposit Box', 'Security Lockers', 'Self-Catering Facilities', 'Utensils', 'Washing Machine']","['24 Hour Security', 'Internet Access', 'Laundry Facilities', 'Luggage Storage', 'Towels for hire']",['Tea & Coffee Making Facilities'],"['Board Games', 'PlayStation', 'Wi-Fi']",35.71183,139.79129
25,25,TOKYO-W-INN Asakusa,https://www.hostelworld.com/hosteldetails.php/TOKYO-W-INN-Asakusa/Tokyo/295276,Tokyo,14.69,9.3,9.2,Superb,9.3,9.3,9.3,10.0,8.7,9.3,8.7,"['Free WiFi', 'Linen Included']","['Adaptors', 'Air Conditioning', 'Breakfast Not Included', 'Cable TV', 'Ceiling Fan', 'Common Room', 'Cooker', 'Dryer', 'Elevator', 'Fridge/Freezer', 'Hair Dryers', 'Hair Dryers For Hire', 'Hot Showers', 'Hot Tub', 'Microwave', 'Outdoor Terrace', 'Reading Light', 'Safe Deposit Box', 'Security Lockers', 'Self-Catering Facilities', 'Towels Not Included', 'Utensils', 'Washing Machine']","['24 Hour Reception', 'Express check-in / out', 'Laundry Facilities', 'Luggage Storage', 'Towels for hire']","['Bar', 'Restaurant', 'Tea & Coffee Making Facilities', 'Vending Machines']",['Wi-Fi'],35.70831,139.79229
26,26,plat hostel keikyu minowa forest,https://www.hostelworld.com/hosteldetails.php/plat-hostel-keikyu-minowa-forest/Tokyo/300561,Tokyo,13.13,10.0,9.7,Superb,10.0,10.0,8.0,10.0,10.0,10.0,10.0,"['Free WiFi', 'Linen Included']","['Air Conditioning', 'Breakfast Not Included', 'Common Room', 'Cooker', 'Dryer', 'Elevator', 'Fridge/Freezer', 'Hair Dryers', 'Hair Dryers For Hire', 'Microwave', 'Self-Catering Facilities', 'Towels Not Included', 'Utensils', 'Washing Machine']","['Internet Access', 'Laundry Facilities', 'Luggage Storage', 'Reception (limited hours)']",['Tea & Coffee Making Facilities'],['Wi-Fi'],35.72618,139.79219
27,27,Ryoma Ikebukuro I,https://www.hostelworld.com/hosteldetails.php/Ryoma-Ikebukuro-I/Tokyo/286220,Tokyo,23.63,5.5,9.1,Superb,10.0,10.0,8.0,10.0,8.0,10.0,8.0,"['Free Airport Transfer', 'Free Internet Access', 'Free WiFi']","['Air Conditioning', 'Breakfast Not Included', 'Card Phones', 'Cooker', 'Fridge/Freezer', 'Hair Dryers', 'Hair Dryers For Hire', 'Safe Deposit Box']","['Housekeeping', 'Internet Access', 'Late check-out', 'Reception (limited hours)']",['Tea & Coffee Making Facilities'],,35.72959,139.7154
28,28,Khaosan Tokyo Samurai,https://www.hostelworld.com/hosteldetails.php/Khaosan-Tokyo-Samurai/Tokyo/95634,Tokyo,20.51,9.5,8.0,Fabulous,8.0,4.7,8.7,9.3,9.3,7.3,8.7,"['Free City Maps', 'Free Internet Access', 'Free WiFi', 'Linen Included']","['Air Conditioning', 'Book Exchange', 'Breakfast Not Included', 'Cable TV', 'Common Room', 'Elevator', 'Follows Covid-19 sanitation guidance', 'Hair Dryers', 'Hair Dryers For Hire', 'Hot Showers', 'Microwave', 'Outdoor Terrace', 'Reading Light', 'Safe Deposit Box', 'Security Lockers', 'Self-Catering Facilities', 'Washing Machine']","['Internet Access', 'Laundry Facilities', 'Luggage Storage', 'Towels for hire']","['Tea & Coffee Making Facilities', 'Vending Machines']",,35.71485,139.79225
29,29,Guesthouse Fete,https://www.hostelworld.com/hosteldetails.php/Guesthouse-Fete/Tokyo/263266,Tokyo,18.87,3.0,8.9,Fabulous,10.0,8.0,8.0,10.0,10.0,8.0,8.0,"['Free City Maps', 'Free Internet Access', 'Free WiFi', 'Linen Included']","['Adaptors', 'Air Conditioning', 'BBQ', 'Breakfast Not Included', 'Common Room', 'Elevator', 'Hair Dryers', 'Hot Showers', 'Hot Tub', 'Key Card Access', 'Outdoor Terrace', 'Parking', 'Reading Light', 'Security Lockers', 'Self-Catering Facilities', 'Washing Machine']","['Fax Service', 'Housekeeping', 'Internet Access', 'Laundry Facilities', 'Luggage Storage', 'Reception (limited hours)', 'Towels for hire']","['Bar', 'Cafe', 'Meals Available', 'Tea & Coffee Making Facilities', 'Vending Machines']","['Foosball', 'Wi-Fi', 'Wii']",35.70146,139.7981
30,30,Capsule Hotel Anshin Oyado Akihabara,https://www.hostelworld.com/hosteldetails.php/Capsule-Hotel-Anshin-Oyado-Akihabara/Tokyo/281075,Tokyo,46.97,7.2,8.0,Fabulous,6.0,8.0,10.0,10.0,8.0,8.0,6.0,"['Free Internet Access', 'Free WiFi']","['Air Conditioning', 'Breakfast Not Included', 'Elevator', 'Hair Dryers', 'Hot Tub', 'Linen Not Included', 'Outdoor Terrace']","['24 Hour Reception', 'Internet Access']",['Tea & Coffee Making Facilities'],,35.70342,139.77076
31,31,Hotel Graphy Nezu,https://www.hostelworld.com/hosteldetails.php/Hotel-Graphy-Nezu/Tokyo/73386,Tokyo,14.77,7.6,10.0,Superb,10.0,10.0,10.0,10.0,10.0,10.0,10.0,"['Free City Maps', 'Free Internet Access', 'Free WiFi', 'Linen Included', 'Towels Included']","['Air Conditioning', 'Breakfast Not Included', 'Elevator', 'Hair Dryers', 'Outdoor Terrace', 'Reading Light']","['24 Hour Security', 'Beauty Salon', 'Bicycle Hire', 'Housekeeping', 'Internet Access', 'Laundry Facilities', 'Luggage Storage', 'Reception (limited hours)']","['Bar', 'Café', 'Restaurant', 'Tea & Coffee Making Facilities']",,35.71717,139.76857
32,32,Khaosan Kyoto Guest House,https://www.hostelworld.com/hosteldetails.php/Khaosan-Kyoto-Guest-House/Kyoto/45698,Kyoto,16.41,1.1,9.9,Superb,10.0,10.0,10.0,10.0,10.0,9.3,10.0,"['Free City Maps', 'Free Internet Access', 'Free WiFi', 'Linen Included']","['Adaptors', 'Air Conditioning', 'Breakfast Not Included', 'Card Phones', 'Common Room', 'Cooker', 'Dryer', 'Elevator', 'Follows Covid-19 sanitation guidance', 'Fridge/Freezer', 'Hair Dryers', 'Hot Showers', 'Microwave', 'Outdoor Terrace', 'Reading Light', 'Security Lockers', 'Self-Catering Facilities', 'Towels Not Included', 'Washing Machine']","['Internet Access', 'Laundry Facilities', 'Luggage Storage', 'Reception (limited hours)', 'Towels for hire']","['Tea & Coffee Making Facilities', 'Vending Machines']","['Board Games', ""DVD's"", 'Wi-Fi', 'Wii']",35.00156,135.76688
33,33,The Millennials Kyoto,https://www.hostelworld.com/hosteldetails.php/The-Millennials-Kyoto/Kyoto/280003,Kyoto,31.5,0.5,9.8,Superb,10.0,9.6,10.0,10.0,9.2,10.0,10.0,"['Free Internet Access', 'Free WiFi', 'Linen Included', 'Towels Included']","['Adaptors', 'Air Conditioning', 'Bicycle Parking', 'Breakfast Not Included', 'Card Phones', 'Common Room', 'Cooker', 'Dryer', 'Elevator', 'Follows Covid-19 sanitation guidance', 'Fridge/Freezer', 'Hair Dryers', 'Hot Showers', 'Iron / Ironing Board', 'Meeting Rooms', 'Microwave', 'Safe Deposit Box', 'Utensils', 'Washing Machine']","['Bicycle Hire', 'Internet Access', 'Late check-out', 'Luggage Storage', 'Reception (limited hours)']",['Tea & Coffee Making Facilities'],"['Board Games', 'Wi-Fi']",35.0075,135.76883
34,34,Len Kyoto,https://www.hostelworld.com/hosteldetails.php/Len-Kyoto/Kyoto/93521,Kyoto,20.51,1.4,9.5,Superb,9.7,9.3,9.3,9.0,9.3,10.0,10.0,"['Free City Maps', 'Free Internet Access', 'Free WiFi', 'Linen Included']","['Adaptors', 'Air Conditioning', 'Breakfast Not Included', 'Common Room', 'Elevator', 'Flexible NRR', 'Follows Covid-19 sanitation guidance', 'Hair Dryers', 'Hot Showers', 'Reading Light', 'Safe Deposit Box', 'Security Lockers']","['24 Hour Security', 'Internet Access', 'Luggage Storage', 'Towels for hire']","['Bar', 'Cafe', 'Meals Available', 'Restaurant']",,34.99871,135.76729
35,35,HARUYA Umekoji,https://www.hostelworld.com/hosteldetails.php/HARUYA-Umekoji/Kyoto/278295,Kyoto,16.41,3.1,10.0,Superb,10.0,10.0,10.0,10.0,10.0,10.0,10.0,"['Free Airport Transfer', 'Free Internet Access', 'Free WiFi']","['Adaptors', 'Card Phones', 'Hot Tub', 'Iron / Ironing Board', 'Reading Light']","['Bicycle Hire', 'Internet Access', 'Late check-out', 'Reception (limited hours)']",['Tea & Coffee Making Facilities'],,34.98843,135.74633
36,36,Ryokan Hostel Gion,https://www.hostelworld.com/hosteldetails.php/Ryokan-Hostel-Gion/Kyoto/292201,Kyoto,22.15,0.8,9.9,Superb,10.0,10.0,10.0,10.0,9.3,10.0,10.0,"['Free City Maps', 'Free Internet Access', 'Free WiFi', 'Linen Included', 'Towels Included']","['Adaptors', 'Air Conditioning', 'Breakfast Not Included', 'Common Room', 'Cooker', 'Dryer', 'Elevator', 'Fridge/Freezer', 'Hair Dryers', 'Hot Showers', 'Hot Tub', 'Iron / Ironing Board', 'Key Card Access', 'Microwave', 'Outdoor Terrace', 'Reading Light', 'Safe Deposit Box', 'Security Lockers', 'Self-Catering Facilities', 'Utensils', 'Washing Machine']","['24 Hour Security', 'Bicycle Hire', 'Housekeeping', 'Internet Access', 'Late check-out', 'Laundry Facilities', 'Luggage Storage', 'Reception (limited hours)', 'Towels for hire']",['Tea & Coffee Making Facilities'],['Wi-Fi'],35.00679,135.77422
37,37,Gojo Guest House,https://www.hostelworld.com/hosteldetails.php/Gojo-Guest-House/Kyoto/5317,Kyoto,16.41,1.9,9.6,Superb,10.0,10.0,9.0,10.0,10.0,9.0,9.0,"['Free City Maps', 'Free Internet Access', 'Free WiFi', 'Linen Included']","['Air Conditioning', 'Breakfast Not Included', 'Card Phones', 'Common Room', 'Hair Dryers', 'Hair Dryers For Hire', 'Hot Showers', 'Security Lockers']","['Internet Access', 'Late check-out', 'Laundry Facilities', 'Luggage Storage', 'Reception (limited hours)']","['Bar', 'Cafe', 'Restaurant', 'Tea & Coffee Making Facilities']",,34.99539,135.77221
38,38,Hostel Kyoto Kizuna,https://www.hostelworld.com/hosteldetails.php/Hostel-Kyoto-Kizuna/Kyoto/277793,Kyoto,14.77,2.1,10.0,Superb,10.0,10.0,10.0,10.0,10.0,10.0,10.0,"['Free Internet Access', 'Free WiFi', 'Linen Included']","['Air Conditioning', 'Breakfast Not Included', 'Card Phones', 'Common Room', 'Cooker', 'Dryer', 'Elevator', 'Fridge/Freezer', 'Hair Dryers', 'Hot Showers', 'Hot Tub', 'Iron / Ironing Board', 'Key Card Access', 'Microwave', 'Parking', 'Reading Light', 'Safe Deposit Box', 'Security Lockers', 'Self-Catering Facilities', 'Utensils', 'Washing Machine']","['24 Hour Security', 'Bicycle Hire', 'Housekeeping', 'Internet Access', 'Late check-out', 'Laundry Facilities', 'Reception (limited hours)', 'Towels for hire']","['Bar', 'Cafe', 'Tea & Coffee Making Facilities', 'Vending Machines']",['Wii'],34.99916,135.76266
39,39,Tsukimi Hotel,https://www.hostelworld.com/hosteldetails.php/Tsukimi-Hotel/Kyoto/293839,Kyoto,22.15,1.5,8.9,Fabulous,8.0,10.0,10.0,8.0,8.0,10.0,8.0,"['Free Breakfast', 'Free City Maps', 'Free Internet Access', 'Free WiFi', 'Linen Included', 'Towels Included']","['Adaptors', 'Air Conditioning', 'Bicycle Parking', 'Common Room', 'Cooker', 'Dryer', 'Elevator', 'Flexible NRR', 'Follows Covid-19 sanitation guidance', 'Fridge/Freezer', 'Hair Dryers', 'Hair Dryers For Hire', 'Hot Showers', 'Hot Tub', 'Iron / Ironing Board', 'Jobs Board', 'Key Card Access', 'Meeting Rooms', 'Microwave', 'Outdoor Terrace', 'Reading Light', 'Safe Deposit Box', 'Security Lockers', 'Utensils', 'Washing Machine']","['24 Hour Security', 'Housekeeping', 'Internet Access', 'Late check-out', 'Laundry Facilities', 'Luggage Storage', 'Reception (limited hours)']","['Bar', 'Meals Available', 'Tea & Coffee Making Facilities']","['Board Games', 'Wi-Fi']",35.67063,139.79791
40,40,Miyakawacho Guest House HANAKANZASHI,https://www.hostelworld.com/hosteldetails.php/Miyakawacho-Guest-House-HANAKANZASHI/Kyoto/300677,Kyoto,20.3,1.5,9.3,Superb,10.0,10.0,9.0,9.0,9.0,9.0,9.0,"['Free WiFi', 'Linen Included']","['Air Conditioning', 'Bicycle Parking', 'Common Room', 'Dryer', 'Flexible NRR', 'Fridge/Freezer', 'Hair Dryers', 'Hot Showers', 'Key Card Access', 'Reading Light', 'Security Lockers', 'Towels Not Included', 'Washing Machine']","['Internet Access', 'Luggage Storage', 'Reception (limited hours)']",['Vending Machines'],['Wi-Fi'],35.00139,135.77496
41,41,Nagomi-Ryokan Yuu,https://www.hostelworld.com/hosteldetails.php/Nagomi-Ryokan-Yuu/Kyoto/34703,Kyoto,25.02,2.2,8.9,Fabulous,6.0,10.0,8.0,10.0,8.0,10.0,10.0,"['Free City Maps', 'Free WiFi', 'Linen Included']","['Air Conditioning', 'Bicycle Parking', 'Breakfast Not Included', 'Common Room', 'Hair Dryers For Hire', 'Hot Showers', 'Parking', 'Self-Catering Facilities', 'Washing Machine']","['24 Hour Security', 'Fax Service', 'Internet Access', 'Laundry Facilities', 'Postal Service', 'Towels for hire']","['Bar', 'Cafe', 'Restaurant']",['Wi-Fi'],34.99398,135.75859
42,42,WeBase Kyoto,https://www.hostelworld.com/hosteldetails.php/WeBase-Kyoto/Kyoto/294513,Kyoto,22.56,1.6,9.0,Superb,7.0,9.0,9.0,10.0,9.0,10.0,9.0,"['Free Breakfast', 'Free City Maps', 'Free WiFi', 'Linen Included', 'Towels Included']","['Adaptors', 'Air Conditioning', 'Common Room', 'Cooker', 'Dryer', 'Elevator', 'Fridge/Freezer', 'Hair Dryers', 'Hot Showers', 'Iron / Ironing Board', 'Jobs Board', 'Key Card Access', 'Microwave', 'Reading Light', 'Safe Deposit Box', 'Security Lockers', 'Washing Machine', 'Wheelchair Friendly']","['24 Hour Reception', '24 Hour Security', 'Bicycle Hire', 'Housekeeping', 'Laundry Facilities', 'Luggage Storage', 'Postal Service', 'Towels for hire']","['Tea & Coffee Making Facilities', 'Vending Machines']","['Board Games', 'Wi-Fi']",35.00039,135.75636
43,43,Gojo Guesthouse - Annex,https://www.hostelworld.com/hosteldetails.php/Gojo-Guesthouse-Annex/Kyoto/21128,Kyoto,20.1,1.7,10.0,Superb,10.0,10.0,10.0,10.0,10.0,10.0,10.0,"['Free City Maps', 'Free Internet Access', 'Free WiFi', 'Linen Included']","['Air Conditioning', 'Bicycle Parking', 'Breakfast Not Included', 'Common Room', 'Fridge/Freezer', 'Hair Dryers', 'Hot Showers', 'Microwave', 'Self-Catering Facilities', 'Towels Not Included', 'Washing Machine']","['Bicycle Hire', 'Luggage Storage', 'Towels for hire']",['Tea & Coffee Making Facilities'],['Wi-Fi'],34.99822,135.77583
44,44,Kyoto Hana Hostel,https://www.hostelworld.com/hosteldetails.php/Kyoto-Hana-Hostel/Kyoto/41311,Kyoto,14.77,2.5,8.0,Fabulous,8.0,8.0,10.0,8.0,8.0,8.0,6.0,"['Free City Maps', 'Free Internet Access', 'Free WiFi', 'Linen Included']","['Adaptors', 'Air Conditioning', 'Book Exchange', 'Breakfast Not Included', 'Cable TV', 'Common Room', 'Dryer', 'Hair Dryers', 'Hair Dryers For Hire', 'Hot Showers', 'Iron / Ironing Board', 'Reading Light', 'Security Lockers', 'Self-Catering Facilities', 'Washing Machine']","['24 Hour Security', 'Bicycle Hire', 'Fax Service', 'Internet Access', 'Late check-out', 'Laundry Facilities', 'Luggage Storage', 'Reception (limited hours)', 'Towels for hire']","['Tea & Coffee Making Facilities', 'Vending Machines']","['Board Games', ""DVD's"", 'Wii']",34.98979,135.75993
45,45,Guest House YULULU,https://www.hostelworld.com/hosteldetails.php/Guest-House-YULULU/Kyoto/79698,Kyoto,12.31,0.5,9.7,Superb,10.0,9.0,10.0,10.0,10.0,10.0,9.0,"['Free City Maps', 'Free WiFi', 'Linen Included', 'Towels Included']","['Adaptors', 'Air Conditioning', 'Breakfast Not Included', 'Common Room', 'Fridge/Freezer', 'Hair Dryers', 'Hot Showers', 'Microwave', 'Self-Catering Facilities', 'Washing Machine']","['24 Hour Security', 'Bicycle Hire', 'Internet Access', 'Luggage Storage', 'Reception (limited hours)', 'Towels for hire']","['Bar', 'Tea & Coffee Making Facilities']",,35.0044,135.7666
46,46,HARUYA Higashiyama,https://www.hostelworld.com/hosteldetails.php/HARUYA-Higashiyama/Kyoto/56247,Kyoto,12.14,1.0,9.1,Superb,10.0,6.0,10.0,8.0,10.0,10.0,10.0,"['Free City Maps', 'Free Internet Access', 'Free WiFi', 'Linen Included']","['Adaptors', 'Air Conditioning', 'Breakfast Not Included', 'Common Room', 'Hair Dryers', 'Hair Dryers For Hire', 'Hot Showers', 'Meeting Rooms', 'Reading Light', 'Security Lockers', 'Self-Catering Facilities', 'Towels Not Included', 'Washing Machine']","['Bicycle Hire', 'Housekeeping', 'Laundry Facilities', 'Luggage Storage', 'Towels for hire']",['Tea & Coffee Making Facilities'],['Wi-Fi'],35.00877,135.77894
47,47,Tanaka Gokurakudo Guest House,https://www.hostelworld.com/hosteldetails.php/Tanaka-Gokurakudo-Guest-House/Kyoto/280879,Kyoto,21.74,2.7,9.7,Superb,10.0,10.0,10.0,10.0,10.0,8.0,10.0,"['Free City Maps', 'Free Internet Access', 'Free WiFi', 'Linen Included']","['Adaptors', 'Air Conditioning', 'Breakfast Not Included', 'Common Room', 'Cooker', 'Dryer', 'Fridge/Freezer', 'Hair Dryers', 'Hot Showers', 'Microwave', 'Outdoor Terrace', 'Reading Light', 'Self-Catering Facilities', 'Washing Machine']","['Bicycle Hire', 'Internet Access', 'Laundry Facilities', 'Luggage Storage', 'Reception (limited hours)', 'Towels for hire']",,['Wi-Fi'],34.98902,135.75824
48,48,Guest House Ga-Jyun,https://www.hostelworld.com/hosteldetails.php/Guest-House-Ga-Jyun/Kyoto/83262,Kyoto,16.41,1.4,8.9,Fabulous,8.0,8.0,8.0,10.0,10.0,10.0,8.0,"['Free Breakfast', 'Free Internet Access', 'Free WiFi']","['Hair Dryers For Hire', 'Hot Showers', 'Self-Catering Facilities', 'Washing Machine']","['Bicycle Hire', 'Internet Access', 'Laundry Facilities', 'Luggage Storage']",['Tea & Coffee Making Facilities'],,35.0094,135.7833
49,49,Guest House Kyoto Inn,https://www.hostelworld.com/hosteldetails.php/Guest-House-Kyoto-Inn/Kyoto/272748,Kyoto,12.31,3.3,7.7,Very good,8.0,6.0,10.0,10.0,6.0,8.0,6.0,"['Free Breakfast', 'Free City Maps', 'Free City Tour', 'Free Internet Access', 'Free WiFi', 'Linen Included']","['Adaptors', 'Air Conditioning', 'BBQ', 'Bicycle Parking', 'Book Exchange', 'Cable TV', 'Common Room', 'Cooker', 'Fridge/Freezer', 'Hair Dryers', 'Hot Showers', 'Hot Tub', 'Iron / Ironing Board', 'Key Card Access', 'Microwave', 'Outdoor Terrace', 'Parking', 'Reading Light', 'Safe Deposit Box', 'Security Lockers', 'Self-Catering Facilities', 'Towels Not Included', 'Utensils', 'Washing Machine']","['24 Hour Reception', '24 Hour Security', 'Bicycle Hire', 'Express check-in / out', 'Fax Service', 'Housekeeping', 'Internet Access', 'Late check-out', 'Laundry Facilities', 'Luggage Storage', 'Reception (limited hours)', 'Tours/Travel Desk', 'Towels for hire']","['Cafe', 'Restaurant', 'Tea & Coffee Making Facilities', 'Vending Machines']","['Board Games', 'Wi-Fi']",34.99042,135.74316
50,50,FUGASTAY Shijo Omiya,https://www.hostelworld.com/hosteldetails.php/FUGASTAY-Shijo-Omiya/Kyoto/294324,Kyoto,19.28,1.8,10.0,Superb,10.0,10.0,10.0,10.0,10.0,10.0,10.0,['Free WiFi'],,,,,35.00305,135.75125
51,51,Guest House Shiori Ann,https://www.hostelworld.com/hosteldetails.php/Guest-House-Shiori-Ann/Kyoto/82268,Kyoto,12.06,2.0,9.7,Superb,10.0,10.0,10.0,10.0,8.0,10.0,10.0,['Free WiFi'],"['Air Conditioning', 'Breakfast Not Included']","['Internet Access', 'Laundry Facilities', 'Luggage Storage']",['Tea & Coffee Making Facilities'],,34.99495,135.75932
52,52,Santiago Guesthouse Naha,https://www.hostelworld.com/hosteldetails.php/Santiago-Guesthouse-Naha/Okinawa/296975,Okinawa,12.31,0.3,9.4,Superb,10.0,10.0,9.0,10.0,9.0,8.0,10.0,"['Free City Maps', 'Free WiFi', 'Linen Included']","['Air Conditioning', 'Breakfast Not Included', 'Common Room', 'Dryer', 'Fridge/Freezer', 'Hair Dryers', 'Hot Showers', 'Microwave', 'Reading Light', 'Security Lockers', 'Towels Not Included', 'Washing Machine']","['24 Hour Security', 'Internet Access', 'Laundry Facilities', 'Luggage Storage', 'Reception (limited hours)', 'Towels for hire']",['Tea & Coffee Making Facilities'],['Wi-Fi'],26.21097,127.67797
53,53,Ishigaki Guesthouse HIVE,https://www.hostelworld.com/hosteldetails.php/Ishigaki-Guesthouse-HIVE/Okinawa/291754,Okinawa,24.61,410.8,9.9,Superb,10.0,10.0,9.6,10.0,9.6,10.0,10.0,"['Free Internet Access', 'Free WiFi', 'Linen Included', 'Towels Included']","['Air Conditioning', 'Common Room', 'Cooker', 'Dryer', 'Fridge/Freezer', 'Hair Dryers', 'Hair Dryers For Hire', 'Hot Showers', 'Microwave', 'Reading Light', 'Safe Deposit Box', 'Security Lockers', 'Self-Catering Facilities', 'Utensils', 'Washing Machine']","['24 Hour Security', 'Fax Service', 'Internet Access', 'Luggage Storage', 'Reception (limited hours)', 'Towels for hire']",,['Wi-Fi'],35.69519,139.76799
54,54,Myplace Guest House,https://www.hostelworld.com/hosteldetails.php/Myplace-Guest-House/Okinawa/102100,Okinawa,14.36,1.6,9.2,Superb,9.5,10.0,8.5,9.5,8.0,9.5,9.5,"['Free City Maps', 'Free Internet Access', 'Free Parking', 'Free WiFi', 'Linen Included']","['Air Conditioning', 'Breakfast Not Included', 'Ceiling Fan', 'Common Room', 'Fridge/Freezer', 'Hair Dryers', 'Hot Showers', 'Microwave', 'Parking', 'Security Lockers', 'Self-Catering Facilities', 'Washing Machine']","['Bicycle Hire', 'Housekeeping', 'Laundry Facilities', 'Luggage Storage', 'Tours/Travel Desk', 'Towels for hire']",['Vending Machines'],,26.2271,127.6813
55,55,Aien Coffee＆Hostel,https://www.hostelworld.com/hosteldetails.php/Aien-CoffeeHostel/Okinawa/281386,Okinawa,20.51,14.1,9.7,Superb,10.0,10.0,10.0,10.0,10.0,10.0,8.0,"['Free City Maps', 'Free Internet Access', 'Free WiFi', 'Linen Included']","['Air Conditioning', 'Bicycle Parking', 'Breakfast Not Included', 'Common Room', 'Fridge/Freezer', 'Hair Dryers', 'Hair Dryers For Hire', 'Hot Showers', 'Iron / Ironing Board', 'Microwave', 'Parking', 'Reading Light', 'Safe Deposit Box']","['Internet Access', 'Late check-out', 'Luggage Storage', 'Reception (limited hours)']","['Bar', 'Cafe']",['Wi-Fi'],35.69444,139.82784
56,56,KumojiSo Hostel Naha Okinawa,https://www.hostelworld.com/hosteldetails.php/KumojiSo-Hostel-Naha-Okinawa/Okinawa/53678,Okinawa,18.05,0.4,7.7,Very good,10.0,8.0,8.0,6.0,8.0,8.0,6.0,"['Free Internet Access', 'Free WiFi', 'Linen Included']","['Adaptors', 'Air Conditioning', 'Breakfast Not Included', 'Common Room', 'Elevator', 'Fridge/Freezer', 'Hair Dryers', 'Hair Dryers For Hire', 'Hot Showers', 'Microwave', 'Reading Light', 'Security Lockers', 'Towels Not Included', 'Utensils', 'Washing Machine']","['24 Hour Security', 'Bicycle Hire', 'Currency Exchange', 'Internet Access', 'Postal Service', 'Reception (limited hours)', 'Towels for hire']","['Bar', 'Vending Machines']","['Foosball', 'Pool Table', 'Wi-Fi']",26.21592,127.68113
57,57,Guest House Umikaji,https://www.hostelworld.com/hosteldetails.php/Guest-House-Umikaji/Okinawa/276734,Okinawa,20.51,0.4,7.7,Very good,6.0,8.0,8.0,6.0,8.0,10.0,8.0,"['Free Internet Access', 'Free WiFi', 'Linen Included']","['Air Conditioning', 'Breakfast Not Included', 'Common Room', 'Dryer', 'Fridge/Freezer', 'Hair Dryers', 'Hair Dryers For Hire', 'Hot Showers', 'Hot Tub', 'Iron / Ironing Board', 'Microwave', 'Reading Light', 'Security Lockers', 'Towels Not Included', 'Washing Machine']","['Bicycle Hire', 'Housekeeping', 'Internet Access', 'Laundry Facilities', 'Luggage Storage', 'Reception (limited hours)', 'Towels for hire']",['Vending Machines'],,26.21648,127.67803
58,58,Little Asia Okinawa,https://www.hostelworld.com/hosteldetails.php/Little-Asia-Okinawa/Okinawa/25308,Okinawa,9.84,0.9,7.7,Very good,8.0,4.0,10.0,10.0,10.0,6.0,6.0,"['Free Internet Access', 'Free WiFi', 'Linen Included']","['Air Conditioning', 'BBQ', 'Bicycle Parking', 'Breakfast Not Included', 'Ceiling Fan', 'Common Room', 'Cooker', 'Dryer', 'Fridge/Freezer', 'Hair Dryers', 'Hair Dryers For Hire', 'Hot Showers', 'Iron / Ironing Board', 'Microwave', 'Parking', 'Self-Catering Facilities', 'Towels Not Included', 'Utensils', 'Washing Machine']","['Bicycle Hire', 'Housekeeping', 'Internet Access', 'Late check-out', 'Laundry Facilities', 'Luggage Storage', 'Reception (limited hours)']",['Bar'],['Wi-Fi'],26.21332,127.69025
59,59,Mash Café & Bed NAGANO,https://www.hostelworld.com/hosteldetails.php/Mash-Cafe-and-Bed-NAGANO/Nagano/302447,Nagano,20.51,0.8,8.7,Fabulous,8.3,9.3,10.0,8.7,9.0,7.0,8.7,"['Free WiFi', 'Linen Included']","['Air Conditioning', 'Breakfast Not Included', 'Common Room', 'Dryer', 'Elevator', 'Fridge/Freezer', 'Hair Dryers', 'Hot Showers', 'Iron / Ironing Board', 'Microwave', 'Towels Not Included', 'Washing Machine']","['Bicycle Hire', 'Laundry Facilities', 'Reception (limited hours)', 'Towels for hire']","['Bar', 'Cafe', 'Restaurant', 'Tea & Coffee Making Facilities']",['Wi-Fi'],36.64582,138.18616
60,60,Guest House KURA,https://www.hostelworld.com/hosteldetails.php/Guest-House-KURA/Nagano/68894,Nagano,24.61,10.7,9.4,Superb,10.0,10.0,6.0,10.0,10.0,10.0,10.0,"['Free City Maps', 'Free Internet Access', 'Free Parking', 'Free WiFi', 'Linen Included']","['Adaptors', 'Air Conditioning', 'BBQ', 'Bicycle Parking', 'Book Exchange', 'Breakfast Not Included', 'Common Room', 'Dryer', 'Fridge/Freezer', 'Hair Dryers', 'Hot Showers', 'Iron / Ironing Board', 'Microwave', 'Outdoor Terrace', 'Parking', 'Reading Light', 'Security Lockers', 'Towels Not Included', 'Washing Machine']","['Bicycle Hire', 'Fax Service', 'Housekeeping', 'Internet Access', 'Laundry Facilities', 'Luggage Storage', 'Reception (limited hours)', 'Tours/Travel Desk', 'Towels for hire']","['Cafe', 'Tea & Coffee Making Facilities']","['Board Games', 'Wi-Fi']",36.65795,138.31571
61,61,Minka House,https://www.hostelworld.com/hosteldetails.php/Minka-House/Nagano/301400,Nagano,24.61,50.5,10.0,Superb,10.0,10.0,10.0,10.0,10.0,10.0,10.0,"['Free Internet Access', 'Free WiFi', 'Linen Included', 'Towels Included']","['Air Conditioning', 'Bicycle Parking', 'Breakfast Not Included', 'Common Room', 'Cooker', 'Fridge/Freezer', 'Hair Dryers', 'Hair Dryers For Hire', 'Hot Showers', 'Iron / Ironing Board', 'Microwave', 'Outdoor Terrace', 'Reading Light', 'Safe Deposit Box', 'Security Lockers', 'Self-Catering Facilities', 'Utensils', 'Washing Machine']","['Bicycle Hire', 'Internet Access', 'Laundry Facilities', 'Luggage Storage', 'Reception (limited hours)', 'Towels for hire']","['Bar', 'Cafe', 'Meals Available', 'Restaurant', 'Tea & Coffee Making Facilities']","['Board Games', 'Wi-Fi']",36.22991,137.97388
62,62,The Stay Sapporo,https://www.hostelworld.com/hosteldetails.php/The-Stay-Sapporo/Sapporo/94710,Sapporo,16.08,1.2,10.0,Superb,10.0,10.0,10.0,10.0,10.0,10.0,10.0,"['Free Internet Access', 'Free WiFi', 'Linen Included']","['Adaptors', 'Air Conditioning', 'Elevator', 'Hot Showers', 'Parking']","['24 Hour Security', 'Internet Access', 'Laundry Facilities']",,,43.05352,141.34553
63,63,Grids Sapporo Hotel&Hostel,https://www.hostelworld.com/hosteldetails.php/Grids-Sapporo-Hotel-and-Hostel/Sapporo/278412,Sapporo,21.3,0.6,9.3,Superb,9.3,9.3,9.3,9.3,8.7,10.0,9.3,"['Free City Maps', 'Free Internet Access', 'Free WiFi', 'Linen Included', 'Towels Included']","['Adaptors', 'Air Conditioning', 'Cooker', 'Dryer', 'Follows Covid-19 sanitation guidance', 'Fridge/Freezer', 'Hair Dryers', 'Hot Showers', 'Iron / Ironing Board', 'Microwave', 'Parking', 'Safe Deposit Box', 'Security Lockers', 'Self-Catering Facilities', 'Utensils', 'Washing Machine']","['24 Hour Security', 'Fax Service', 'Housekeeping', 'Internet Access', 'Laundry Facilities', 'Luggage Storage']","['Bar', 'Cafe', 'Tea & Coffee Making Facilities', 'Vending Machines']",,35.67917,139.77285
64,64,SappoLodge,https://www.hostelworld.com/hosteldetails.php/SappoLodge/Sapporo/93412,Sapporo,23.31,0.9,10.0,Superb,10.0,10.0,10.0,10.0,10.0,10.0,10.0,"['Free City Maps', 'Free Internet Access', 'Free WiFi', 'Linen Included']","['Air Conditioning', 'Bicycle Parking', 'Breakfast Not Included', 'Ceiling Fan', 'Common Room', 'Hair Dryers', 'Hot Showers', 'Reading Light', 'Safe Deposit Box', 'Security Lockers', 'Self-Catering Facilities']","['24 Hour Security', 'Fax Service', 'Housekeeping', 'Internet Access', 'Luggage Storage', 'Postal Service', 'Tours/Travel Desk']","['Bar', 'Cafe', 'Meals Available', 'Restaurant', 'Tea & Coffee Making Facilities']","[""DVD's""]",43.05625,141.3635
65,65,Khaosan World Namba,https://www.hostelworld.com/hosteldetails.php/Khaosan-World-Namba/Osaka/265731,Osaka,17.23,4.5,9.6,Superb,10.0,9.7,9.4,9.7,9.1,8.9,10.0,"['Free Internet Access', 'Free WiFi', 'Linen Included']","['Air Conditioning', 'Breakfast Not Included', 'Common Room', 'Elevator', 'Follows Covid-19 sanitation guidance', 'Hair Dryers', 'Hot Showers', 'Security Lockers', 'Utensils', 'Washing Machine']","['24 Hour Security', 'Laundry Facilities', 'Luggage Storage', 'Reception (limited hours)', 'Towels for hire']",['Vending Machines'],['Wi-Fi'],34.66619,135.49713
66,66,Hostel Q,https://www.hostelworld.com/hosteldetails.php/Hostel-Q/Osaka/82301,Osaka,23.79,4.2,9.1,Superb,9.7,8.6,9.7,9.7,9.4,8.3,8.3,"['Free Breakfast', 'Free City Maps', 'Free Internet Access', 'Free WiFi', 'Linen Included']","['Adaptors', 'Air Conditioning', 'Common Room', 'Elevator', 'Hair Dryers', 'Hot Showers', 'Microwave', 'Reading Light', 'Safe Deposit Box', 'Security Lockers', 'Self-Catering Facilities', 'Washing Machine']","['24 Hour Security', 'Fax Service', 'Internet Access', 'Laundry Facilities', 'Luggage Storage', 'Towels for hire']",['Tea & Coffee Making Facilities'],"['Board Games', 'Wi-Fi']",34.66922,135.49858
67,67,HIPPO Hostel & Cafe Bar,https://www.hostelworld.com/hosteldetails.php/HIPPO-Hostel-and-Cafe-Bar/Osaka/301078,Osaka,15.38,5.5,9.0,Superb,8.7,10.0,8.0,10.0,8.7,9.3,8.0,"['Free WiFi', 'Linen Included']","['Air Conditioning', 'Common Room', 'Cooker', 'Dryer', 'Fridge/Freezer', 'Hair Dryers', 'Hot Showers', 'Iron / Ironing Board', 'Microwave', 'Outdoor Terrace', 'Reading Light', 'Safe Deposit Box', 'Security Lockers', 'Self-Catering Facilities', 'Towels Not Included', 'Utensils', 'Washing Machine']","['Fax Service', 'Internet Access', 'Late check-out', 'Laundry Facilities', 'Luggage Storage', 'Reception (limited hours)']","['Bar', 'Cafe']",,34.6643,135.53206
68,68,&And Hostel Hommachi-East,https://www.hostelworld.com/hosteldetails.php/-and-And-Hostel-Hommachi-East/Osaka/300500,Osaka,9.84,2.9,10.0,Superb,10.0,10.0,10.0,10.0,10.0,10.0,10.0,"['Free WiFi', 'Linen Included']","['Adaptors', 'Air Conditioning', 'Dryer', 'Elevator', 'Fridge/Freezer', 'Hair Dryers', 'Hot Showers', 'Meeting Rooms', 'Safe Deposit Box', 'Wheelchair Friendly']","['Laundry Facilities', 'Luggage Storage']",,['Wi-Fi'],34.68214,135.51201
69,69,Imano Osaka Shinsaibashi Hostel,https://www.hostelworld.com/hosteldetails.php/Imano-Osaka-Shinsaibashi-Hostel/Osaka/294059,Osaka,18.05,3.8,8.0,Fabulous,8.0,8.0,8.0,8.0,8.0,8.0,8.0,,['Follows Covid-19 sanitation guidance'],,,,34.67287,135.49501
70,70,Osaka Guesthouse Hive,https://www.hostelworld.com/hosteldetails.php/Osaka-Guesthouse-Hive/Osaka/264049,Osaka,18.87,1.3,6.7,Good,8.0,7.3,8.0,6.7,5.3,5.3,6.0,"['Free Breakfast', 'Free City Maps', 'Free Internet Access', 'Free WiFi', 'Linen Included']","['Adaptors', 'Air Conditioning', 'Bicycle Parking', 'Common Room', 'Cooker', 'Dryer', 'Elevator', 'Fridge/Freezer', 'Hair Dryers', 'Hair Dryers For Hire', 'Hot Showers', 'Iron / Ironing Board', 'Microwave', 'Outdoor Terrace', 'Reading Light', 'Safe Deposit Box', 'Security Lockers', 'Self-Catering Facilities', 'Towels Not Included', 'Washing Machine']","['24 Hour Security', 'Bicycle Hire', 'Fax Service', 'Housekeeping', 'Internet Access', 'Laundry Facilities', 'Luggage Storage', 'Reception (limited hours)', 'Towels for hire']","['Tea & Coffee Making Facilities', 'Vending Machines']","['PlayStation', 'Wi-Fi']",34.70218,135.48943
71,71,The Pax Hostel/Records/More,https://www.hostelworld.com/hosteldetails.php/The-Pax-Hostel-Records-More/Osaka/270406,Osaka,18.87,6.0,10.0,Superb,10.0,10.0,10.0,10.0,10.0,10.0,10.0,"['Free City Maps', 'Free Internet Access', 'Free WiFi', 'Linen Included']","['Adaptors', 'Air Conditioning', 'Breakfast Not Included', 'Card Phones', 'Common Room', 'Cooker', 'Dryer', 'Fridge/Freezer', 'Hair Dryers', 'Hair Dryers For Hire', 'Hot Showers', 'Iron / Ironing Board', 'Microwave', 'Reading Light', 'Safe Deposit Box', 'Self-Catering Facilities', 'Utensils', 'Washing Machine']","['Bicycle Hire', 'Housekeeping', 'Internet Access', 'Late check-out', 'Luggage Storage', 'Reception (limited hours)', 'Towels for hire']","['Bar', 'Cafe', 'Tea & Coffee Making Facilities']",,34.65266,135.50543
72,72,Hostel Mitsuwaya Osaka,https://www.hostelworld.com/hosteldetails.php/Hostel-Mitsuwaya-Osaka/Osaka/265633,Osaka,26.25,4.1,10.0,Superb,10.0,10.0,10.0,10.0,10.0,10.0,10.0,"['Free City Maps', 'Free WiFi', 'Linen Included']","['Adaptors', 'Air Conditioning', 'Bicycle Parking', 'Book Exchange', 'Breakfast Not Included', 'Common Room', 'Cooker', 'Dryer', 'Fridge/Freezer', 'Hair Dryers', 'Hair Dryers For Hire', 'Hot Showers', 'Iron / Ironing Board', 'Microwave', 'Outdoor Terrace', 'Reading Light', 'Safe Deposit Box', 'Security Lockers', 'Self-Catering Facilities', 'Utensils', 'Washing Machine']","['24 Hour Security', 'Bicycle Hire', 'Housekeeping', 'Internet Access', 'Laundry Facilities', 'Luggage Storage', 'Towels for hire']","['Tea & Coffee Making Facilities', 'Vending Machines']","['Board Games', 'Wi-Fi']",34.67112,135.51147
73,73,The Stay Osaka Shinsaibashi,https://www.hostelworld.com/hosteldetails.php/The-Stay-Osaka-Shinsaibashi/Osaka/299208,Osaka,13.62,3.7,9.0,Superb,8.7,8.0,10.0,9.3,8.7,8.7,9.3,"['Free City Maps', 'Free Internet Access', 'Free WiFi', 'Linen Included', 'Towels Included']","['Air Conditioning', 'Breakfast Not Included', 'Common Room', 'Cooker', 'Dryer', 'Elevator', 'Fridge/Freezer', 'Hair Dryers', 'Hot Showers', 'Key Card Access', 'Microwave', 'Reading Light', 'Security Lockers', 'Towels Not Included', 'Washing Machine']","['Internet Access', 'Luggage Storage', 'Reception (limited hours)', 'Towels for hire']","['Bar', 'Tea & Coffee Making Facilities', 'Vending Machines']","['Board Games', 'Wi-Fi']",34.67331,135.50767
74,74,Shin-Osaka Tomato Guest House,https://www.hostelworld.com/hosteldetails.php/Shin-Osaka-Tomato-Guest-House/Osaka/78230,Osaka,11.9,1.9,8.6,Fabulous,10.0,10.0,8.0,8.0,8.0,8.0,8.0,"['Free WiFi', 'Linen Included']","['Adaptors', 'Air Conditioning', 'Bicycle Parking', 'Breakfast Not Included', 'Common Room', 'Hair Dryers', 'Hair Dryers For Hire', 'Hot Showers', 'Self-Catering Facilities', 'Washing Machine']","['24 Hour Security', 'Laundry Facilities', 'Towels for hire']",,,34.72298,135.49593
75,75,J-Hoppers Osaka Universal,https://www.hostelworld.com/hosteldetails.php/J-Hoppers-Osaka-Universal/Osaka/264538,Osaka,20.3,6.4,10.0,Superb,10.0,10.0,10.0,10.0,10.0,10.0,10.0,"['Free City Maps', 'Free Internet Access', 'Free WiFi', 'Linen Included']","['Adaptors', 'Air Conditioning', 'Bicycle Parking', 'Book Exchange', 'Breakfast Not Included', ""Children's Play Area"", 'Common Room', 'Cooker', 'Dryer', 'Fridge/Freezer', 'Hair Dryers', 'Hair Dryers For Hire', 'Hot Showers', 'Iron / Ironing Board', 'Outdoor Terrace', 'Parking', 'Reading Light', 'Safe Deposit Box', 'Security Lockers', 'Self-Catering Facilities', 'Towels Not Included', 'Utensils', 'Washing Machine']","['24 Hour Security', 'Bicycle Hire', 'Fax Service', 'Internet Access', 'Laundry Facilities', 'Luggage Storage', 'Reception (limited hours)', 'Towels for hire']","['Tea & Coffee Making Facilities', 'Vending Machines']","['Board Games', 'Wi-Fi']",34.67668,135.44155
76,76,Qoo Hostel Osaka,https://www.hostelworld.com/hosteldetails.php/Qoo-Hostel-Osaka/Osaka/293350,Osaka,12.31,5.5,7.9,Very good,8.7,8.0,8.7,8.0,8.0,6.7,7.3,"['Free Internet Access', 'Free WiFi', 'Linen Included']","[""Children's Play Area"", 'Common Room', 'Cooker', 'Elevator', 'Fridge/Freezer', 'Hair Dryers For Hire', 'Hot Showers', 'Iron / Ironing Board', 'Key Card Access', 'Security Lockers', 'Utensils', 'Washing Machine']","['24 Hour Security', 'Bicycle Hire', 'Fax Service', 'Laundry Facilities', 'Reception (limited hours)']",['Bar'],"['Games Room', 'Wi-Fi']",34.65702,135.50542
77,77,Beehive Hostel Osaka,https://www.hostelworld.com/hosteldetails.php/Beehive-Hostel-Osaka/Osaka/265783,Osaka,23.79,3.4,10.0,Superb,10.0,10.0,10.0,10.0,10.0,10.0,10.0,"['Free Breakfast', 'Free City Maps', 'Free Internet Access', 'Free WiFi', 'Linen Included']","['Adaptors', 'Air Conditioning', 'Bicycle Parking', 'Common Room', 'Cooker', 'Dryer', 'Elevator', 'Fridge/Freezer', 'Hair Dryers', 'Hot Showers', 'Microwave', 'Outdoor Terrace', 'Reading Light', 'Security Lockers', 'Self-Catering Facilities', 'Utensils', 'Washing Machine']","['Bicycle Hire', 'Housekeeping', 'Internet Access', 'Late check-out', 'Laundry Facilities', 'Luggage Storage', 'Postal Service', 'Reception (limited hours)', 'Towels for hire']","['Tea & Coffee Making Facilities', 'Vending Machines']","['Board Games', 'Wi-Fi']",34.67691,135.50843
78,78,Mad Cat Hostel Osaka & Bar,https://www.hostelworld.com/hosteldetails.php/Mad-Cat-Hostel-Osaka-and-Bar/Osaka/299246,Osaka,14.36,8.0,10.0,Superb,10.0,10.0,10.0,10.0,10.0,10.0,10.0,['Free WiFi'],"['Air Conditioning', 'Breakfast Not Included', 'Ceiling Fan', 'Common Room', 'Dryer', 'Fridge/Freezer', 'Hair Dryers', 'Hot Showers', 'Microwave', 'Reading Light', 'Security Lockers', 'Towels Not Included', 'Utensils', 'Washing Machine']","['Laundry Facilities', 'Luggage Storage', 'Reception (limited hours)', 'Towels for hire']",['Bar'],['Wi-Fi'],34.63473,135.51023
79,79,Guesthouse U-En,https://www.hostelworld.com/hosteldetails.php/Guesthouse-U-En/Osaka/82892,Osaka,18.87,2.0,9.4,Superb,10.0,8.0,10.0,10.0,10.0,10.0,8.0,"['Free City Maps', 'Free Internet Access', 'Free WiFi', 'Linen Included']","['Adaptors', 'Air Conditioning', 'Bicycle Parking', 'Breakfast Not Included', 'Common Room', 'Hair Dryers', 'Hair Dryers For Hire', 'Hot Showers', 'Reading Light', 'Security Lockers', 'Self-Catering Facilities', 'Washing Machine']","['24 Hour Security', 'Bicycle Hire', 'Internet Access', 'Laundry Facilities', 'Luggage Storage', 'Tours/Travel Desk', 'Towels for hire']","['Bar', 'Cafe', 'Meals Available', 'Restaurant', 'Tea & Coffee Making Facilities']",,34.69463,135.48646
80,80,Air Osaka Hostel,https://www.hostelworld.com/hosteldetails.php/Air-Osaka-Hostel/Osaka/96425,Osaka,13.13,9.7,9.6,Superb,10.0,9.5,9.5,10.0,10.0,9.5,9.0,"['Free City Maps', 'Free Internet Access', 'Free WiFi', 'Linen Included']","['Adaptors', 'Air Conditioning', 'Bicycle Parking', 'Book Exchange', 'Common Room', 'Cooker', 'Fridge/Freezer', 'Hair Dryers', 'Hot Showers', 'Hot Tub', 'Jobs Board', 'Microwave', 'Outdoor Terrace', 'Reading Light', 'Safe Deposit Box', 'Security Lockers', 'Self-Catering Facilities', 'Utensils', 'Washing Machine']","['24 Hour Security', 'Bicycle Hire', 'Express check-in / out', 'Fax Service', 'Housekeeping', 'Internet Access', 'Late check-out', 'Laundry Facilities', 'Luggage Storage', 'Reception (limited hours)', 'Towels for hire']","['Bar', 'Cafe', 'Meals Available', 'Tea & Coffee Making Facilities']","['Board Games', 'Wi-Fi']",34.62093,135.47598
81,81,Khaosan World Tennoji Hostel,https://www.hostelworld.com/hosteldetails.php/Khaosan-World-Tennoji-Hostel/Osaka/275476,Osaka,18.87,6.6,8.8,Fabulous,9.3,9.3,8.0,9.3,7.3,9.3,8.7,"['Free City Maps', 'Free Internet Access', 'Free WiFi', 'Linen Included', 'Towels Included']","['Adaptors', 'Air Conditioning', 'Card Phones', 'Common Room', 'Cooker', 'Dryer', 'Elevator', 'Follows Covid-19 sanitation guidance', 'Fridge/Freezer', 'Hair Dryers', 'Hot Showers', 'Key Card Access', 'Microwave', 'Parking', 'Safe Deposit Box', 'Security Lockers', 'Self-Catering Facilities', 'Utensils', 'Washing Machine']","['24 Hour Security', 'Internet Access', 'Late check-out', 'Laundry Facilities', 'Luggage Storage', 'Reception (limited hours)']","['Tea & Coffee Making Facilities', 'Vending Machines']","['Board Games', 'Wi-Fi']",34.64927,135.51692
82,82,Guest House Matsu,https://www.hostelworld.com/hosteldetails.php/Guest-House-Matsu/Osaka/277737,Osaka,15.59,7.4,10.0,Superb,10.0,10.0,10.0,10.0,10.0,10.0,10.0,"['Free Internet Access', 'Free WiFi', 'Linen Included']","['Air Conditioning', 'Bicycle Parking', 'Breakfast Not Included', 'Common Room', 'Cooker', 'Fridge/Freezer', 'Hair Dryers', 'Hot Showers', 'Iron / Ironing Board', 'Microwave', 'Outdoor Terrace', 'Safe Deposit Box', 'Security Lockers', 'Self-Catering Facilities', 'Towels Not Included', 'Utensils']","['Bicycle Hire', 'Housekeeping', 'Internet Access', 'Luggage Storage', 'Reception (limited hours)', 'Towels for hire']","['Bar', 'Cafe', 'Tea & Coffee Making Facilities']","['Wi-Fi', 'Wii']",34.64064,135.49512
83,83,Santiago Guesthouse Hiroshima,https://www.hostelworld.com/hosteldetails.php/Santiago-Guesthouse-Hiroshima/Hiroshima/100757,Hiroshima,16.41,0.7,9.4,Superb,10.0,8.8,9.8,9.2,9.4,8.8,9.6,"['Free City Maps', 'Free Internet Access', 'Free WiFi', 'Linen Included']","['Air Conditioning', 'Breakfast Not Included', 'Common Room', 'Dryer', 'Elevator', 'Fridge/Freezer', 'Hair Dryers', 'Microwave', 'Outdoor Terrace', 'Reading Light', 'Safe Deposit Box', 'Security Lockers', 'Self-Catering Facilities', 'Towels Not Included', 'Utensils', 'Washing Machine']","['Housekeeping', 'Laundry Facilities', 'Luggage Storage', 'Reception (limited hours)', 'Towels for hire']",,['Wi-Fi'],34.39024,132.46095
84,84,WeBase Hiroshima,https://www.hostelworld.com/hosteldetails.php/WeBase-Hiroshima/Hiroshima/302094,Hiroshima,22.15,0.7,9.4,Superb,10.0,10.0,10.0,8.0,8.0,10.0,10.0,['Free WiFi'],"['Air Conditioning', 'Breakfast Not Included', 'Common Room', 'Dryer', 'Elevator', 'Fridge/Freezer', 'Hair Dryers', 'Hot Showers', 'Iron / Ironing Board', 'Washing Machine']",['24 Hour Reception'],,['Wi-Fi'],34.38986,132.45795
85,85,Akicafe Inn Guesthouse,https://www.hostelworld.com/hosteldetails.php/Akicafe-Inn-Guesthouse/Hiroshima/71655,Hiroshima,16.41,2.2,8.7,Fabulous,8.7,8.7,8.7,8.7,8.0,9.3,8.7,"['Free City Maps', 'Free WiFi']","['Air Conditioning', 'Breakfast Not Included', 'Cable TV', 'Ceiling Fan', 'Common Room', 'Cooker', 'Fridge/Freezer', 'Hair Dryers', 'Hot Showers', 'Iron / Ironing Board', 'Microwave', 'Reading Light', 'Safe Deposit Box', 'Utensils', 'Washing Machine']","['Bicycle Hire', 'Laundry Facilities', 'Luggage Storage', 'Reception (limited hours)', 'Tours/Travel Desk', 'Towels for hire']","['Bar', 'Cafe', 'Meals Available']",,34.39504,132.4767
86,86,Hiroshima Hostel EN,https://www.hostelworld.com/hosteldetails.php/Hiroshima-Hostel-EN/Hiroshima/278400,Hiroshima,24.61,1.5,10.0,Superb,10.0,10.0,10.0,10.0,10.0,10.0,10.0,"['Free City Maps', 'Free Internet Access', 'Free WiFi', 'Linen Included']","['Air Conditioning', 'Breakfast Not Included', 'Common Room', 'Dryer', 'Fridge/Freezer', 'Hair Dryers', 'Hot Showers', 'Reading Light', 'Safe Deposit Box', 'Security Lockers', 'Washing Machine']","['Housekeeping', 'Internet Access', 'Laundry Facilities', 'Luggage Storage', 'Reception (limited hours)', 'Towels for hire']","['Bar', 'Meals Available']",['Wi-Fi'],34.40702,132.45039
87,87,The Evergreen Hostel,https://www.hostelworld.com/hosteldetails.php/The-Evergreen-Hostel/Hiroshima/267883,Hiroshima,16.41,1.5,9.7,Superb,10.0,10.0,10.0,10.0,8.0,10.0,10.0,"['Free City Maps', 'Free WiFi', 'Linen Included']","['Air Conditioning', 'Breakfast Not Included', 'Common Room', 'Cooker', 'Elevator', 'Fridge/Freezer', 'Hair Dryers', 'Hair Dryers For Hire', 'Hot Showers', 'Key Card Access', 'Microwave', 'Parking', 'Safe Deposit Box', 'Security Lockers', 'Self-Catering Facilities', 'Utensils', 'Washing Machine']","['Housekeeping', 'Internet Access', 'Laundry Facilities', 'Luggage Storage', 'Tours/Travel Desk', 'Towels for hire']","['Cafe', 'Tea & Coffee Making Facilities', 'Vending Machines']","['Foosball', 'Wi-Fi']",34.39666,132.44968
88,88,Common de Hostel & Bar,https://www.hostelworld.com/hosteldetails.php/Common-de-Hostel-and-Bar/Fukuoka/285851,Fukuoka,18.05,0.8,8.7,Fabulous,9.2,7.6,8.8,9.2,8.8,9.2,8.4,"['Free Internet Access', 'Free WiFi', 'Linen Included']","['Air Conditioning', 'Breakfast Not Included', 'Cooker', 'Fridge/Freezer', 'Hair Dryers', 'Hot Showers', 'Hot Tub', 'Microwave', 'Parking', 'Utensils']","['24 Hour Reception', '24 Hour Security', 'Bicycle Hire', 'Housekeeping', 'Internet Access', 'Luggage Storage']","['Bar', 'Cafe', 'Tea & Coffee Making Facilities']",['Wii'],33.59769,130.40334
89,89,HafH Fukuoka THE LIFE,https://www.hostelworld.com/hosteldetails.php/HafH-Fukuoka-THE-LIFE/Fukuoka/276460,Fukuoka,19.53,1.1,9.3,Superb,10.0,8.0,10.0,9.0,8.0,10.0,10.0,"['Free City Maps', 'Free WiFi', 'Linen Included']","['Adaptors', 'Air Conditioning', 'Bicycle Parking', 'Common Room', 'Cooker', 'Dryer', 'Fridge/Freezer', 'Hair Dryers', 'Hot Showers', 'Microwave', 'Reading Light', 'Safe Deposit Box', 'Security Lockers', 'Self-Catering Facilities', 'Towels Not Included', 'Utensils', 'Washing Machine']","['Bicycle Hire', 'Internet Access', 'Laundry Facilities', 'Luggage Storage', 'Reception (limited hours)', 'Towels for hire']","['Bar', 'Cafe', 'Meals Available', 'Restaurant']",['Wi-Fi'],33.58599,130.42264
90,90,UNPLAN Fukuoka,https://www.hostelworld.com/hosteldetails.php/UNPLAN-Fukuoka/Fukuoka/310474,Fukuoka,13.33,1.8,10.0,Superb,10.0,10.0,10.0,10.0,10.0,10.0,10.0,"['Free Breakfast', 'Free Internet Access', 'Free WiFi', 'Linen Included']","['Air Conditioning', 'Common Room', 'Cooker', 'Dryer', 'Elevator', 'Fridge/Freezer', 'Hair Dryers', 'Hair Dryers For Hire', 'Hot Showers', 'Iron / Ironing Board', 'Key Card Access', 'Microwave', 'Outdoor Terrace', 'Reading Light', 'Safe Deposit Box', 'Self-Catering Facilities', 'Utensils', 'Washing Machine']","['Internet Access', 'Laundry Facilities', 'Luggage Storage', 'Reception (limited hours)', 'Towels for hire']","['Cafe', 'Restaurant']","['Wi-Fi', 'Wii']",33.59038,130.37996
91,91,Fukuoka Guesthouse HIVE,https://www.hostelworld.com/hosteldetails.php/Fukuoka-Guesthouse-HIVE/Fukuoka/290680,Fukuoka,13.95,1.3,9.0,Superb,10.0,8.0,9.0,10.0,9.0,9.0,8.0,"['Free Breakfast', 'Free City Maps', 'Free Internet Access', 'Free WiFi', 'Linen Included']","['Adaptors', 'Air Conditioning', 'Bicycle Parking', 'Common Room', 'Cooker', 'Fridge/Freezer', 'Hair Dryers', 'Hot Showers', 'Microwave', 'Outdoor Terrace', 'Reading Light', 'Safe Deposit Box', 'Security Lockers', 'Utensils', 'Washing Machine']","['Bicycle Hire', 'Fax Service', 'Housekeeping', 'Internet Access', 'Late check-out', 'Laundry Facilities', 'Luggage Storage', 'Reception (limited hours)', 'Towels for hire']","['Bar', 'Cafe', 'Tea & Coffee Making Facilities']",['Wi-Fi'],33.59778,130.41172
92,92,Fukuoka Hana Hostel,https://www.hostelworld.com/hosteldetails.php/Fukuoka-Hana-Hostel/Fukuoka/71709,Fukuoka,20.51,1.0,9.1,Superb,10.0,10.0,10.0,8.0,8.0,8.0,10.0,"['Free City Maps', 'Free Internet Access', 'Free WiFi', 'Linen Included']","['Air Conditioning', 'Breakfast Not Included', 'Common Room', 'Hair Dryers', 'Hair Dryers For Hire', 'Hot Showers', 'Reading Light', 'Safe Deposit Box', 'Security Lockers', 'Self-Catering Facilities', 'Washing Machine']","['24 Hour Security', 'Bicycle Hire', 'Fax Service', 'Internet Access', 'Laundry Facilities', 'Luggage Storage', 'Towels for hire']","['Tea & Coffee Making Facilities', 'Vending Machines']",['Board Games'],33.59465,130.40871
93,93,WeBase HAKATA,https://www.hostelworld.com/hosteldetails.php/WeBase-HAKATA/Fukuoka/279321,Fukuoka,22.18,0.9,9.6,Superb,10.0,9.0,10.0,10.0,8.0,10.0,10.0,"['Free Breakfast', 'Free City Maps', 'Free Internet Access', 'Free WiFi', 'Linen Included', 'Towels Included']","['Adaptors', 'Air Conditioning', 'Cooker', 'Dryer', 'Elevator', 'Fridge/Freezer', 'Hair Dryers', 'Hot Showers', 'Iron / Ironing Board', 'Key Card Access', 'Meeting Rooms', 'Microwave', 'Outdoor Terrace', 'Parking', 'Reading Light', 'Security Lockers', 'Self-Catering Facilities', 'Utensils', 'Washing Machine']","['24 Hour Reception', '24 Hour Security', 'Bicycle Hire', 'Housekeeping', 'Internet Access', 'Laundry Facilities', 'Luggage Storage', 'Towels for hire']","['Tea & Coffee Making Facilities', 'Vending Machines']","['Board Games', 'Wi-Fi']",33.59591,130.40958
94,94,Fukuoka Guesthouse SHIP,https://www.hostelworld.com/hosteldetails.php/Fukuoka-Guesthouse-SHIP/Fukuoka/306417,Fukuoka,12.31,1.5,10.0,Superb,10.0,10.0,10.0,10.0,10.0,10.0,10.0,"['Free Breakfast', 'Free City Maps', 'Free Internet Access', 'Free WiFi', 'Linen Included']","['Adaptors', 'Air Conditioning', 'Bicycle Parking', 'Common Room', 'Cooker', 'Fridge/Freezer', 'Hair Dryers', 'Hair Dryers For Hire', 'Hot Showers', 'Microwave', 'Outdoor Terrace', 'Reading Light', 'Safe Deposit Box', 'Security Lockers', 'Washing Machine']","['Bicycle Hire', 'Fax Service', 'Housekeeping', 'Internet Access', 'Internet café', 'Late check-out', 'Laundry Facilities', 'Luggage Storage', 'Reception (limited hours)', 'Towels for hire']","['Bar', 'Cafe', 'Tea & Coffee Making Facilities']",['Wi-Fi'],33.60275,130.40516
95,95,Hostel TOKI,https://www.hostelworld.com/hosteldetails.php/Hostel-TOKI/Fukuoka/286150,Fukuoka,18.87,2.2,9.7,Superb,10.0,10.0,10.0,10.0,10.0,10.0,8.0,"['Free City Maps', 'Free Internet Access', 'Free WiFi', 'Linen Included']","['Adaptors', 'Air Conditioning', 'Bicycle Parking', 'Breakfast Not Included', 'Common Room', 'Dryer', 'Follows Covid-19 sanitation guidance', 'Fridge/Freezer', 'Hair Dryers', 'Hot Showers', 'Microwave', 'Reading Light', 'Safe Deposit Box', 'Towels Not Included', 'Washing Machine']","['Bicycle Hire', 'Housekeeping', 'Internet Access', 'Laundry Facilities', 'Luggage Storage', 'Reception (limited hours)', 'Tours/Travel Desk']","['Bar', 'Meals Available', 'Tea & Coffee Making Facilities', 'Vending Machines']","['Board Games', 'Wi-Fi']",33.58061,130.41918
96,96,Dot Hostel&Bar,https://www.hostelworld.com/hosteldetails.php/Dot-Hostel-and-Bar/Mount-Fuji/302315,Mount Fuji,17.23,17.9,9.4,Superb,10.0,9.0,9.0,9.0,9.0,10.0,10.0,"['Free WiFi', 'Linen Included', 'Towels Included']","['Adaptors', 'Air Conditioning', 'BBQ', 'Breakfast Not Included', 'Common Room', 'Cooker', 'Fridge/Freezer', 'Hair Dryers', 'Hot Showers', 'Parking', 'Self-Catering Facilities', 'Utensils']","['Bicycle Hire', 'Internet Access', 'Laundry Facilities', 'Reception (limited hours)']","['Bar', 'Meals Available']","['Board Games', 'Wi-Fi']",35.52347,138.74386
97,97,Mt. Fuji Hostel Michael's,https://www.hostelworld.com/hosteldetails.php/Mt-Fuji-Hostel-Michael-s/Mount-Fuji/44217,Mount Fuji,24.61,15.6,9.4,Superb,9.0,9.0,10.0,9.0,9.0,10.0,10.0,"['Free City Maps', 'Free Internet Access', 'Free Parking', 'Free WiFi', 'Linen Included']","['Adaptors', 'Air Conditioning', 'Book Exchange', 'Breakfast Not Included', 'Cable TV', 'Dryer', 'Fridge/Freezer', 'Hair Dryers', 'Hot Showers', 'Key Card Access', 'Microwave', 'Outdoor Terrace', 'Parking', 'Reading Light', 'Security Lockers', 'Towels Not Included', 'Washing Machine']","['Internet Access', 'Laundry Facilities', 'Luggage Storage', 'Reception (limited hours)', 'Towels for hire']","['Tea & Coffee Making Facilities', 'Vending Machines']",['Wi-Fi'],35.49085,138.80096
98,98,K's House Mt.Fuji,https://www.hostelworld.com/hosteldetails.php/K-s-House-Mt-Fuji/Mount-Fuji/20147,Mount Fuji,21.33,16.1,10.0,Superb,10.0,10.0,10.0,10.0,10.0,10.0,10.0,"['Free City Maps', 'Free Internet Access', 'Free WiFi', 'Linen Included']","['Adaptors', 'Air Conditioning', 'Bicycle Parking', 'Breakfast Not Included', 'Card Phones', 'Common Room', 'Hair Dryers', 'Hair Dryers For Hire', 'Hot Showers', 'Outdoor Terrace', 'Parking', 'Reading Light', 'Security Lockers', 'Self-Catering Facilities', 'Washing Machine']","['Bicycle Hire', 'Fax Service', 'Internet Access', 'Late check-out', 'Laundry Facilities', 'Luggage Storage', 'Reception (limited hours)', 'Tours/Travel Desk', 'Towels for hire']","['Tea & Coffee Making Facilities', 'Vending Machines']","['Board Games', ""DVD's""]",35.50577,138.76062
99,99,14 Guest House Mt.Fuji,https://www.hostelworld.com/hosteldetails.php/14-Guest-House-Mt-Fuji/Mount-Fuji/300492,Mount Fuji,29.53,0.4,10.0,Superb,10.0,10.0,10.0,10.0,10.0,10.0,10.0,['Free WiFi'],"['Adaptors', 'Air Conditioning', 'Breakfast Not Included', 'Common Room', 'Cooker', 'Fridge/Freezer', 'Hair Dryers', 'Hot Showers', 'Meeting Rooms', 'Microwave', 'Outdoor Terrace', 'Parking', 'Reading Light', 'Security Lockers', 'Towels Not Included', 'Washing Machine']",,,,35.1399,138.71625
100,100,Irori Guest House Tenmaku,https://www.hostelworld.com/hosteldetails.php/Irori-Guest-House-Tenmaku/Hakone/290942,Hakone,28.71,3.3,10.0,Superb,10.0,10.0,10.0,10.0,10.0,10.0,10.0,"['Free Internet Access', 'Free Parking', 'Free WiFi', 'Linen Included', 'Towels Included']","['Air Conditioning', 'Breakfast Not Included', 'Common Room', 'Cooker', 'Dryer', 'Fridge/Freezer', 'Hair Dryers', 'Hair Dryers For Hire', 'Hot Showers', 'Microwave', 'Parking', 'Self-Catering Facilities', 'Utensils', 'Washing Machine']","['Internet Access', 'Laundry Facilities', 'Luggage Storage', 'Reception (limited hours)']",['Bar'],,35.24435,139.0503
101,101,Emblem Flow Hakone,https://www.hostelworld.com/hosteldetails.php/Emblem-Flow-Hakone/Hakone/293125,Hakone,20.76,3.6,9.2,Superb,10.0,8.7,9.3,9.3,9.3,8.7,9.3,"['Free City Maps', 'Free WiFi', 'Linen Included', 'Towels Included']","['Adaptors', 'Air Conditioning', 'Breakfast Not Included', 'Elevator', 'Hair Dryers', 'Meeting Rooms', 'Security Lockers']","['24 Hour Security', 'Housekeeping', 'Laundry Facilities', 'Luggage Storage', 'Reception (limited hours)']","['Bar', 'Cafe', 'Restaurant', 'Vending Machines']",['Wi-Fi'],35.25105,139.04774
102,102,Hakone Tent,https://www.hostelworld.com/hosteldetails.php/Hakone-Tent/Hakone/89021,Hakone,28.71,3.5,10.0,Superb,10.0,10.0,10.0,10.0,10.0,10.0,10.0,"['Free City Maps', 'Free Internet Access', 'Free Parking', 'Free WiFi', 'Linen Included']","['Adaptors', 'Bicycle Parking', 'Breakfast Not Included', 'Common Room', 'Hair Dryers', 'Hot Showers', 'Hot Tub', 'Outdoor Terrace', 'Parking', 'Security Lockers', 'Self-Catering Facilities', 'Washing Machine']","['Laundry Facilities', 'Luggage Storage', 'Towels for hire']","['Bar', 'Meals Available', 'Tea & Coffee Making Facilities']","[""DVD's""]",35.25131,139.04698
103,103,K's House Hakone,https://www.hostelworld.com/hosteldetails.php/K-s-House-Hakone/Hakone/101516,Hakone,28.71,7.0,10.0,Superb,10.0,10.0,10.0,10.0,10.0,10.0,10.0,"['Free City Maps', 'Free Internet Access', 'Free WiFi', 'Linen Included']","['Adaptors', 'Air Conditioning', 'Breakfast Not Included', 'Ceiling Fan', 'Common Room', 'Cooker', 'Dryer', 'Elevator', 'Fridge/Freezer', 'Hair Dryers', 'Hot Showers', 'Hot Tub', 'Microwave', 'Outdoor Terrace', 'Reading Light', 'Self-Catering Facilities', 'Washing Machine']","['Internet Access', 'Laundry Facilities', 'Luggage Storage', 'Reception (limited hours)', 'Towels for hire']","['Tea & Coffee Making Facilities', 'Vending Machines']","['Board Games', 'Wi-Fi']",35.22377,139.08938
